{"cameraMode":{"drawMode":0,"name":"Shaded","section":"Shading Mode"},"sceneLighting":false,"audioPlay":false,"sceneViewState":{"showFog":true,"showMaterialUpdate":false,"showSkybox":false,"showFlares":true,"showImageEffects":true,"showParticleSystems":true},"in2DMode":false,"pivot":{"x":-0.474723756313324,"y":-0.3654511570930481,"z":1.4569756984710694},"rotation":{"x":-0.3902811110019684,"y":-0.04409603774547577,"z":0.018886299803853036,"w":-0.9195042848587036},"size":4.301295280456543,"orthographic":false}